{
  "0": {
    "precision": 0.015401540154015401,
    "recall": 0.022364217252396165,
    "f1-score": 0.018241042345276872,
    "support": 626.0
  },
  "1": {
    "precision": 0.9238410596026491,
    "recall": 0.44568690095846647,
    "f1-score": 0.6012931034482759,
    "support": 626.0
  },
  "2": {
    "precision": 0.0,
    "recall": 0.0,
    "f1-score": 0.0,
    "support": 626.0
  },
  "3": {
    "precision": 0.6450511945392492,
    "recall": 0.9057507987220448,
    "f1-score": 0.7534883720930232,
    "support": 626.0
  },
  "4": {
    "precision": 0.4752475247524752,
    "recall": 0.23003194888178913,
    "f1-score": 0.310010764262648,
    "support": 626.0
  },
  "5": {
    "precision": 0.03109540636042403,
    "recall": 0.07028753993610223,
    "f1-score": 0.04311611954924057,
    "support": 626.0
  },
  "6": {
    "precision": 0.5628415300546448,
    "recall": 0.4936102236421725,
    "f1-score": 0.5259574468085106,
    "support": 626.0
  },
  "accuracy": 0.30967594705613877,
  "macro avg": {
    "precision": 0.3790683222090654,
    "recall": 0.30967594705613877,
    "f1-score": 0.32172954978671076,
    "support": 4382.0
  },
  "weighted avg": {
    "precision": 0.37906832220906544,
    "recall": 0.30967594705613877,
    "f1-score": 0.32172954978671076,
    "support": 4382.0
  }
}