{
  "hybrid": {
    "accuracy": 0.30967594705613877,
    "balanced_accuracy": 0.30967594705613877,
    "f1_macro": 0.32172954978671076,
    "matthews_corrcoef": 0.20308418008527432,
    "cohen_kappa": 0.194621938232162,
    "log_loss": 1.7264084520105185,
    "roc_auc_ovr": 0.714988682036932
  }
}