{
  "0": {
    "precision": 0.8933333333333333,
    "recall": 0.6421725239616614,
    "f1-score": 0.7472118959107806,
    "support": 626.0
  },
  "1": {
    "precision": 0.8724584103512015,
    "recall": 0.7539936102236422,
    "f1-score": 0.8089117395029991,
    "support": 626.0
  },
  "2": {
    "precision": 0.8450946643717728,
    "recall": 0.7843450479233227,
    "f1-score": 0.8135874067937034,
    "support": 626.0
  },
  "3": {
    "precision": 0.8349120433017592,
    "recall": 0.9856230031948882,
    "f1-score": 0.904029304029304,
    "support": 626.0
  },
  "4": {
    "precision": 0.6199575371549894,
    "recall": 0.9329073482428115,
    "f1-score": 0.7448979591836735,
    "support": 626.0
  },
  "5": {
    "precision": 0.9383116883116883,
    "recall": 0.9233226837060703,
    "f1-score": 0.9307568438003221,
    "support": 626.0
  },
  "6": {
    "precision": 0.9688109161793372,
    "recall": 0.7939297124600639,
    "f1-score": 0.8726953467954346,
    "support": 626.0
  },
  "accuracy": 0.8308991328160658,
  "macro avg": {
    "precision": 0.8532683704291546,
    "recall": 0.8308991328160656,
    "f1-score": 0.8317272137166024,
    "support": 4382.0
  },
  "weighted avg": {
    "precision": 0.8532683704291545,
    "recall": 0.8308991328160658,
    "f1-score": 0.8317272137166026,
    "support": 4382.0
  }
}