{
  "hybrid": {
    "accuracy": 0.8308991328160658,
    "balanced_accuracy": 0.8308991328160656,
    "f1_macro": 0.8317272137166024,
    "matthews_corrcoef": 0.8067876153935392,
    "cohen_kappa": 0.8027156549520766,
    "log_loss": 0.4007413233009227,
    "roc_auc_ovr": 0.9849071547899747
  }
}