{
  "0": {
    "precision": 0.9223946784922394,
    "recall": 0.6645367412140575,
    "f1-score": 0.7725162488393686,
    "support": 626.0
  },
  "1": {
    "precision": 0.9667318982387475,
    "recall": 0.7891373801916933,
    "f1-score": 0.8689533861037819,
    "support": 626.0
  },
  "2": {
    "precision": 0.8882978723404256,
    "recall": 0.8003194888178914,
    "f1-score": 0.8420168067226891,
    "support": 626.0
  },
  "3": {
    "precision": 0.8693820224719101,
    "recall": 0.9888178913738019,
    "f1-score": 0.9252615844544095,
    "support": 626.0
  },
  "4": {
    "precision": 0.6036772216547498,
    "recall": 0.9440894568690096,
    "f1-score": 0.7364485981308411,
    "support": 626.0
  },
  "5": {
    "precision": 0.9203821656050956,
    "recall": 0.9233226837060703,
    "f1-score": 0.9218500797448166,
    "support": 626.0
  },
  "6": {
    "precision": 0.9776536312849162,
    "recall": 0.8386581469648562,
    "f1-score": 0.9028374892519346,
    "support": 626.0
  },
  "accuracy": 0.8498402555910544,
  "macro avg": {
    "precision": 0.8783599271554406,
    "recall": 0.8498402555910542,
    "f1-score": 0.8528405990354059,
    "support": 4382.0
  },
  "weighted avg": {
    "precision": 0.8783599271554405,
    "recall": 0.8498402555910544,
    "f1-score": 0.852840599035406,
    "support": 4382.0
  }
}