{
  "accuracy": 0.8498402555910544,
  "balanced_accuracy": 0.8498402555910542,
  "precision_macro": 0.8783599271554406,
  "recall_macro": 0.8498402555910542,
  "f1_macro": 0.8528405990354059,
  "matthews_corrcoef": 0.8295554934558916,
  "cohen_kappa": 0.8248136315228967,
  "log_loss": 0.36230210804410706,
  "roc_auc_ovr": 0.9875231426461919,
  "num_samples": 4382,
  "model_dir": "/Users/ashwinsathishkumar/Downloads/Mtech project/project/outputs/experiments/20260527_165701",
  "subset": "val"
}