{
  "0": {
    "precision": 0.06217616580310881,
    "recall": 0.07667731629392971,
    "f1-score": 0.06866952789699571,
    "support": 626.0
  },
  "1": {
    "precision": 0.9703703703703703,
    "recall": 0.4185303514376997,
    "f1-score": 0.5848214285714286,
    "support": 626.0
  },
  "2": {
    "precision": 0.15,
    "recall": 0.004792332268370607,
    "f1-score": 0.009287925696594427,
    "support": 626.0
  },
  "3": {
    "precision": 0.7208538587848933,
    "recall": 0.7012779552715654,
    "f1-score": 0.7109311740890688,
    "support": 626.0
  },
  "4": {
    "precision": 0.4460431654676259,
    "recall": 0.09904153354632587,
    "f1-score": 0.16209150326797386,
    "support": 626.0
  },
  "5": {
    "precision": 0.08786017949929145,
    "recall": 0.2971246006389776,
    "f1-score": 0.13561793656580387,
    "support": 626.0
  },
  "6": {
    "precision": 0.6747252747252748,
    "recall": 0.4904153354632588,
    "f1-score": 0.5679925994449584,
    "support": 626.0
  },
  "accuracy": 0.2982656321314468,
  "macro avg": {
    "precision": 0.44457557352150917,
    "recall": 0.29826563213144686,
    "f1-score": 0.3199160136475463,
    "support": 4382.0
  },
  "weighted avg": {
    "precision": 0.4445755735215092,
    "recall": 0.2982656321314468,
    "f1-score": 0.31991601364754624,
    "support": 4382.0
  }
}