{
  "hybrid": {
    "accuracy": 0.2982656321314468,
    "balanced_accuracy": 0.29826563213144686,
    "f1_macro": 0.3199160136475463,
    "matthews_corrcoef": 0.20053918690087869,
    "cohen_kappa": 0.18130990415335468,
    "log_loss": 1.6876574977422567,
    "roc_auc_ovr": 0.7435613743706099
  }
}