{
  "0": {
    "precision": 0.540084388185654,
    "recall": 0.20447284345047922,
    "f1-score": 0.2966396292004635,
    "support": 626.0
  },
  "1": {
    "precision": 0.0,
    "recall": 0.0,
    "f1-score": 0.0,
    "support": 313.0
  },
  "2": {
    "precision": 0.0,
    "recall": 0.0,
    "f1-score": 0.0,
    "support": 0.0
  },
  "3": {
    "precision": 0.9166666666666666,
    "recall": 0.36315228966986157,
    "f1-score": 0.5202135774218154,
    "support": 939.0
  },
  "4": {
    "precision": 0.5601750547045952,
    "recall": 0.40894568690095845,
    "f1-score": 0.4727608494921514,
    "support": 626.0
  },
  "5": {
    "precision": 0.0,
    "recall": 0.0,
    "f1-score": 0.0,
    "support": 313.0
  },
  "6": {
    "precision": 0.0,
    "recall": 0.0,
    "f1-score": 0.0,
    "support": 0.0
  },
  "accuracy": 0.25736599219027334,
  "macro avg": {
    "precision": 0.2881323013652737,
    "recall": 0.1395101171458999,
    "f1-score": 0.1842305794449186,
    "support": 2817.0
  },
  "weighted avg": {
    "precision": 0.5500576539756109,
    "recall": 0.25736599219027334,
    "f1-score": 0.34438240996118624,
    "support": 2817.0
  }
}