fault,run_count,samples,proportion
bearing_wear,6,61440,0.14285714285714285
healthy,6,61440,0.14285714285714285
imbalance,6,61440,0.14285714285714285
looseness,6,61440,0.14285714285714285
misalignment,6,61440,0.14285714285714285
multi_fault,6,61440,0.14285714285714285
overload,6,61440,0.14285714285714285
